image_id,filename,label
1,clean_street_001.jpg,clean_street
2,clean_street_002.jpg,clean_street
3,clean_street_003.jpg,clean_street
4,clean_street_004.jpg,clean_street
5,clean_street_005.jpg,clean_street
6,clean_street_006.jpg,clean_street
7,clean_street_007.jpg,clean_street
8,clean_street_008.jpg,clean_street
9,clean_street_009.jpg,clean_street
10,clean_street_010.jpg,clean_street
11,clean_street_011.jpg,clean_street
12,clean_street_012.jpg,clean_street
13,clean_street_013.jpg,clean_street
14,clean_street_014.jpg,clean_street
15,clean_street_015.jpg,clean_street
16,clean_street_016.jpg,clean_street
17,clean_street_017.jpg,clean_street
18,clean_street_018.jpg,clean_street
19,clean_street_019.jpg,clean_street
20,clean_street_020.jpg,clean_street
21,clean_street_021.jpg,clean_street
22,clean_street_022.jpg,clean_street
23,clean_street_023.jpg,clean_street
24,clean_street_024.jpg,clean_street
25,clean_street_025.jpg,clean_street
26,clean_street_026.jpg,clean_street
27,clean_street_027.jpg,clean_street
28,clean_street_028.jpg,clean_street
29,clean_street_029.jpg,clean_street
30,clean_street_030.jpg,clean_street
31,clean_street_031.jpg,clean_street
32,clean_street_032.jpg,clean_street
33,clean_street_033.jpg,clean_street
34,clean_street_034.jpg,clean_street
35,clean_street_035.jpg,clean_street
36,clean_street_036.jpg,clean_street
37,clean_street_037.jpg,clean_street
38,clean_street_038.jpg,clean_street
39,clean_street_039.jpg,clean_street
40,clean_street_040.jpg,clean_street
41,clean_street_041.jpg,clean_street
42,clean_street_042.jpg,clean_street
43,clean_street_043.jpg,clean_street
44,clean_street_044.jpg,clean_street
45,clean_street_045.jpg,clean_street
46,clean_street_046.jpg,clean_street
47,clean_street_047.jpg,clean_street
48,clean_street_048.jpg,clean_street
49,clean_street_049.jpg,clean_street
50,clean_street_050.jpg,clean_street
51,clean_street_051.jpg,clean_street
52,clean_street_052.jpg,clean_street
53,clean_street_053.jpg,clean_street
54,clean_street_054.jpg,clean_street
55,clean_street_055.jpg,clean_street
56,clean_street_056.jpg,clean_street
57,clean_street_057.jpg,clean_street
58,clean_street_058.jpg,clean_street
59,clean_street_059.jpg,clean_street
60,clean_street_060.jpg,clean_street
61,clean_street_061.jpg,clean_street
62,clean_street_062.jpg,clean_street
63,clean_street_063.jpg,clean_street
64,clean_street_064.jpg,clean_street
65,clean_street_065.jpg,clean_street
66,clean_street_066.jpg,clean_street
67,clean_street_067.jpg,clean_street
68,clean_street_068.jpg,clean_street
69,clean_street_069.jpg,clean_street
70,clean_street_070.jpg,clean_street
71,clean_street_071.jpg,clean_street
72,clean_street_072.jpg,clean_street
73,clean_street_073.jpg,clean_street
74,clean_street_074.jpg,clean_street
75,clean_street_075.jpg,clean_street
76,clean_street_076.jpg,clean_street
77,clean_street_077.jpg,clean_street
78,clean_street_078.jpg,clean_street
79,clean_street_079.jpg,clean_street
80,clean_street_080.jpg,clean_street
81,clean_street_081.jpg,clean_street
82,clean_street_082.jpg,clean_street
83,clean_street_083.jpg,clean_street
84,clean_street_084.jpg,clean_street
85,clean_street_085.jpg,clean_street
86,clean_street_086.jpg,clean_street
87,clean_street_087.jpg,clean_street
88,clean_street_088.jpg,clean_street
89,clean_street_089.jpg,clean_street
90,clean_street_090.jpg,clean_street
91,clean_street_091.jpg,clean_street
92,clean_street_092.jpg,clean_street
93,clean_street_093.jpg,clean_street
94,clean_street_094.jpg,clean_street
95,clean_street_095.jpg,clean_street
96,clean_street_096.jpg,clean_street
97,clean_street_097.jpg,clean_street
98,clean_street_098.jpg,clean_street
99,clean_street_099.jpg,clean_street
100,clean_street_100.jpg,clean_street
101,clean_street_101.jpg,clean_street
102,clean_street_102.jpg,clean_street
103,clean_street_103.jpg,clean_street
104,clean_street_104.jpg,clean_street
105,clean_street_105.jpg,clean_street
106,clean_street_106.jpg,clean_street
107,clean_street_107.jpg,clean_street
108,clean_street_108.jpg,clean_street
109,clean_street_109.jpg,clean_street
110,clean_street_110.jpg,clean_street
111,clean_street_111.jpg,clean_street
112,clean_street_112.jpg,clean_street
113,clean_street_113.jpg,clean_street
114,clean_street_114.jpg,clean_street
115,clean_street_115.jpg,clean_street
116,clean_street_116.jpg,clean_street
117,clean_street_117.jpg,clean_street
118,clean_street_118.jpg,clean_street
119,clean_street_119.jpg,clean_street
120,clean_street_120.jpg,clean_street
121,clean_street_121.jpg,clean_street
122,clean_street_122.jpg,clean_street
123,clean_street_123.jpg,clean_street
124,clean_street_124.jpg,clean_street
125,clean_street_125.jpg,clean_street
126,clean_street_126.jpg,clean_street
127,clean_street_127.jpg,clean_street
128,clean_street_128.jpg,clean_street
129,clean_street_129.jpg,clean_street
130,clean_street_130.jpg,clean_street
131,clean_street_131.jpg,clean_street
132,clean_street_132.jpg,clean_street
133,clean_street_133.jpg,clean_street
134,clean_street_134.jpg,clean_street
135,clean_street_135.jpg,clean_street
136,clean_street_136.jpg,clean_street
137,clean_street_137.jpg,clean_street
138,clean_street_138.jpg,clean_street
139,clean_street_139.jpg,clean_street
140,clean_street_140.jpg,clean_street
141,clean_street_141.jpg,clean_street
142,clean_street_142.jpg,clean_street
143,clean_street_143.jpg,clean_street
144,clean_street_144.jpg,clean_street
145,clean_street_145.jpg,clean_street
146,clean_street_146.jpg,clean_street
147,clean_street_147.jpg,clean_street
148,clean_street_148.jpg,clean_street
149,clean_street_149.jpg,clean_street
150,clean_street_150.jpg,clean_street
151,clean_street_151.jpg,clean_street
152,clean_street_152.jpg,clean_street
153,clean_street_153.jpg,clean_street
154,clean_street_154.jpg,clean_street
155,clean_street_155.jpg,clean_street
156,clean_street_156.jpg,clean_street
157,clean_street_157.jpg,clean_street
158,clean_street_158.jpg,clean_street
159,clean_street_159.jpg,clean_street
160,clean_street_160.jpg,clean_street
161,clean_street_161.jpg,clean_street
162,clean_street_162.jpg,clean_street
163,clean_street_163.jpg,clean_street
164,clean_street_164.jpg,clean_street
165,clean_street_165.jpg,clean_street
166,clean_street_166.jpg,clean_street
167,clean_street_167.jpg,clean_street
168,clean_street_168.jpg,clean_street
169,clean_street_169.jpg,clean_street
170,clean_street_170.jpg,clean_street
171,clean_street_171.jpg,clean_street
172,clean_street_172.jpg,clean_street
173,clean_street_173.jpg,clean_street
174,clean_street_174.jpg,clean_street
175,clean_street_175.jpg,clean_street
176,clean_street_176.jpg,clean_street
177,clean_street_177.jpg,clean_street
178,clean_street_178.jpg,clean_street
179,clean_street_179.jpg,clean_street
180,clean_street_180.jpg,clean_street
181,clean_street_181.jpg,clean_street
182,clean_street_182.jpg,clean_street
183,clean_street_183.jpg,clean_street
184,clean_street_184.jpg,clean_street
185,clean_street_185.jpg,clean_street
186,clean_street_186.jpg,clean_street
187,clean_street_187.jpg,clean_street
188,clean_street_188.jpg,clean_street
189,clean_street_189.jpg,clean_street
190,clean_street_190.jpg,clean_street
191,clean_street_191.jpg,clean_street
192,clean_street_192.jpg,clean_street
193,clean_street_193.jpg,clean_street
194,clean_street_194.jpg,clean_street
195,clean_street_195.jpg,clean_street
196,clean_street_196.jpg,clean_street
197,clean_street_197.jpg,clean_street
198,clean_street_198.jpg,clean_street
199,clean_street_199.jpg,clean_street
200,clean_street_200.jpg,clean_street
201,clean_street_201.jpg,clean_street
202,clean_street_202.jpg,clean_street
203,clean_street_203.jpg,clean_street
204,clean_street_204.jpg,clean_street
205,clean_street_205.jpg,clean_street
206,clean_street_206.jpg,clean_street
207,clean_street_207.jpg,clean_street
208,clean_street_208.jpg,clean_street
209,clean_street_209.jpg,clean_street
210,clean_street_210.jpg,clean_street
211,clean_street_211.jpg,clean_street
212,clean_street_212.jpg,clean_street
213,clean_street_213.jpg,clean_street
214,clean_street_214.jpg,clean_street
215,clean_street_215.jpg,clean_street
216,clean_street_216.jpg,clean_street
217,clean_street_217.jpg,clean_street
218,clean_street_218.jpg,clean_street
219,clean_street_219.jpg,clean_street
220,clean_street_220.jpg,clean_street
221,clean_street_221.jpg,clean_street
222,clean_street_222.jpg,clean_street
223,clean_street_223.jpg,clean_street
224,clean_street_224.jpg,clean_street
225,clean_street_225.jpg,clean_street
226,clean_street_226.jpg,clean_street
227,clean_street_227.jpg,clean_street
228,clean_street_228.jpg,clean_street
229,clean_street_229.jpg,clean_street
230,clean_street_230.jpg,clean_street
231,clean_street_231.jpg,clean_street
232,clean_street_232.jpg,clean_street
233,clean_street_233.jpg,clean_street
234,clean_street_234.jpg,clean_street
235,clean_street_235.jpg,clean_street
236,clean_street_236.jpg,clean_street
237,clean_street_237.jpg,clean_street
238,clean_street_238.jpg,clean_street
239,clean_street_239.jpg,clean_street
240,clean_street_240.jpg,clean_street
241,clean_street_241.jpg,clean_street
242,clean_street_242.jpg,clean_street
243,clean_street_243.jpg,clean_street
244,clean_street_244.jpg,clean_street
245,clean_street_245.jpg,clean_street
246,clean_street_246.jpg,clean_street
247,clean_street_247.jpg,clean_street
248,clean_street_248.jpg,clean_street
249,clean_street_249.jpg,clean_street
250,clean_street_250.jpg,clean_street
251,clean_street_251.jpg,clean_street
252,clean_street_252.jpg,clean_street
253,clean_street_253.jpg,clean_street
254,clean_street_254.jpg,clean_street
255,clean_street_255.jpg,clean_street
256,clean_street_256.jpg,clean_street
257,clean_street_257.jpg,clean_street
258,clean_street_258.jpg,clean_street
259,clean_street_259.jpg,clean_street
260,clean_street_260.jpg,clean_street
261,clean_street_261.jpg,clean_street
262,clean_street_262.jpg,clean_street
263,clean_street_263.jpg,clean_street
264,clean_street_264.jpg,clean_street
265,clean_street_265.jpg,clean_street
266,clean_street_266.jpg,clean_street
267,clean_street_267.jpg,clean_street
268,clean_street_268.jpg,clean_street
269,clean_street_269.jpg,clean_street
270,clean_street_270.jpg,clean_street
271,clean_street_271.jpg,clean_street
272,clean_street_272.jpg,clean_street
273,clean_street_273.jpg,clean_street
274,clean_street_274.jpg,clean_street
275,clean_street_275.jpg,clean_street
276,clean_street_276.jpg,clean_street
277,clean_street_277.jpg,clean_street
278,clean_street_278.jpg,clean_street
279,clean_street_279.jpg,clean_street
280,clean_street_280.jpg,clean_street
281,clean_street_281.jpg,clean_street
282,clean_street_282.jpg,clean_street
283,clean_street_283.jpg,clean_street
284,clean_street_284.jpg,clean_street
285,clean_street_285.jpg,clean_street
286,clean_street_286.jpg,clean_street
287,clean_street_287.jpg,clean_street
288,clean_street_288.jpg,clean_street
289,clean_street_289.jpg,clean_street
290,clean_street_290.jpg,clean_street
291,clean_street_291.jpg,clean_street
292,clean_street_292.jpg,clean_street
293,clean_street_293.jpg,clean_street
294,clean_street_294.jpg,clean_street
295,clean_street_295.jpg,clean_street
296,clean_street_296.jpg,clean_street
297,clean_street_297.jpg,clean_street
298,clean_street_298.jpg,clean_street
299,clean_street_299.jpg,clean_street
300,clean_street_300.jpg,clean_street
301,clean_street_301.jpg,clean_street
302,clean_street_302.jpg,clean_street
303,clean_street_303.jpg,clean_street
304,clean_street_304.jpg,clean_street
305,clean_street_305.jpg,clean_street
306,clean_street_306.jpg,clean_street
307,clean_street_307.jpg,clean_street
308,clean_street_308.jpg,clean_street
309,clean_street_309.jpg,clean_street
310,clean_street_310.jpg,clean_street
311,clean_street_311.jpg,clean_street
312,clean_street_312.jpg,clean_street
313,clean_street_313.jpg,clean_street
314,clean_street_314.jpg,clean_street
315,clean_street_315.jpg,clean_street
316,clean_street_316.jpg,clean_street
317,clean_street_317.jpg,clean_street
318,clean_street_318.jpg,clean_street
319,clean_street_319.jpg,clean_street
320,clean_street_320.jpg,clean_street
321,clean_street_321.jpg,clean_street
322,clean_street_322.jpg,clean_street
323,clean_street_323.jpg,clean_street
324,clean_street_324.jpg,clean_street
325,clean_street_325.jpg,clean_street
326,clean_street_326.jpg,clean_street
327,clean_street_327.jpg,clean_street
328,clean_street_328.jpg,clean_street
329,clean_street_329.jpg,clean_street
330,clean_street_330.jpg,clean_street
331,clean_street_331.jpg,clean_street
332,clean_street_332.jpg,clean_street
333,clean_street_333.jpg,clean_street
334,clean_street_334.jpg,clean_street
335,clean_street_335.jpg,clean_street
336,clean_street_336.jpg,clean_street
337,clean_street_337.jpg,clean_street
338,clean_street_338.jpg,clean_street
339,clean_street_339.jpg,clean_street
340,clean_street_340.jpg,clean_street
341,clean_street_341.jpg,clean_street
342,clean_street_342.jpg,clean_street
343,clean_street_343.jpg,clean_street
344,clean_street_344.jpg,clean_street
345,clean_street_345.jpg,clean_street
346,clean_street_346.jpg,clean_street
347,clean_street_347.jpg,clean_street
348,clean_street_348.jpg,clean_street
349,clean_street_349.jpg,clean_street
350,clean_street_350.jpg,clean_street
351,construction_waste_001.jpg,construction_waste
352,construction_waste_002.jpg,construction_waste
353,construction_waste_003.jpg,construction_waste
354,construction_waste_004.jpg,construction_waste
355,construction_waste_005.jpg,construction_waste
356,construction_waste_006.jpg,construction_waste
357,construction_waste_007.jpg,construction_waste
358,construction_waste_008.jpg,construction_waste
359,construction_waste_009.jpg,construction_waste
360,construction_waste_010.jpg,construction_waste
361,construction_waste_011.jpg,construction_waste
362,construction_waste_012.jpg,construction_waste
363,construction_waste_013.jpg,construction_waste
364,construction_waste_014.jpg,construction_waste
365,construction_waste_015.jpg,construction_waste
366,construction_waste_016.jpg,construction_waste
367,construction_waste_017.jpg,construction_waste
368,construction_waste_018.jpg,construction_waste
369,construction_waste_019.jpg,construction_waste
370,construction_waste_020.jpg,construction_waste
371,construction_waste_021.jpg,construction_waste
372,construction_waste_022.jpg,construction_waste
373,construction_waste_023.jpg,construction_waste
374,construction_waste_024.jpg,construction_waste
375,construction_waste_025.jpg,construction_waste
376,construction_waste_026.jpg,construction_waste
377,construction_waste_027.jpg,construction_waste
378,construction_waste_028.jpg,construction_waste
379,construction_waste_029.jpg,construction_waste
380,construction_waste_030.jpg,construction_waste
381,construction_waste_031.jpg,construction_waste
382,construction_waste_032.jpg,construction_waste
383,construction_waste_033.jpg,construction_waste
384,construction_waste_034.jpg,construction_waste
385,construction_waste_035.jpg,construction_waste
386,construction_waste_036.jpg,construction_waste
387,construction_waste_037.jpg,construction_waste
388,construction_waste_038.jpg,construction_waste
389,construction_waste_039.jpg,construction_waste
390,construction_waste_040.jpg,construction_waste
391,construction_waste_041.jpg,construction_waste
392,construction_waste_042.jpg,construction_waste
393,construction_waste_043.jpg,construction_waste
394,construction_waste_044.jpg,construction_waste
395,construction_waste_045.jpg,construction_waste
396,construction_waste_046.jpg,construction_waste
397,construction_waste_047.jpg,construction_waste
398,construction_waste_048.jpg,construction_waste
399,construction_waste_049.jpg,construction_waste
400,construction_waste_050.jpg,construction_waste
401,construction_waste_051.jpg,construction_waste
402,construction_waste_052.jpg,construction_waste
403,construction_waste_053.jpg,construction_waste
404,construction_waste_054.jpg,construction_waste
405,construction_waste_055.jpg,construction_waste
406,construction_waste_056.jpg,construction_waste
407,construction_waste_057.jpg,construction_waste
408,construction_waste_058.jpg,construction_waste
409,construction_waste_059.jpg,construction_waste
410,construction_waste_060.jpg,construction_waste
411,construction_waste_061.jpg,construction_waste
412,construction_waste_062.jpg,construction_waste
413,construction_waste_063.jpg,construction_waste
414,construction_waste_064.jpg,construction_waste
415,construction_waste_065.jpg,construction_waste
416,construction_waste_066.jpg,construction_waste
417,construction_waste_067.jpg,construction_waste
418,construction_waste_068.jpg,construction_waste
419,construction_waste_069.jpg,construction_waste
420,construction_waste_070.jpg,construction_waste
421,construction_waste_071.jpg,construction_waste
422,construction_waste_072.jpg,construction_waste
423,construction_waste_073.jpg,construction_waste
424,construction_waste_074.jpg,construction_waste
425,construction_waste_075.jpg,construction_waste
426,construction_waste_076.jpg,construction_waste
427,construction_waste_077.jpg,construction_waste
428,construction_waste_078.jpg,construction_waste
429,construction_waste_079.jpg,construction_waste
430,construction_waste_080.jpg,construction_waste
431,construction_waste_081.jpg,construction_waste
432,construction_waste_082.jpg,construction_waste
433,construction_waste_083.jpg,construction_waste
434,construction_waste_084.jpg,construction_waste
435,construction_waste_085.jpg,construction_waste
436,construction_waste_086.jpg,construction_waste
437,construction_waste_087.jpg,construction_waste
438,construction_waste_088.jpg,construction_waste
439,construction_waste_089.jpg,construction_waste
440,construction_waste_090.jpg,construction_waste
441,construction_waste_091.jpg,construction_waste
442,construction_waste_092.jpg,construction_waste
443,construction_waste_093.jpg,construction_waste
444,construction_waste_094.jpg,construction_waste
445,construction_waste_095.jpg,construction_waste
446,construction_waste_096.jpg,construction_waste
447,construction_waste_097.jpg,construction_waste
448,construction_waste_098.jpg,construction_waste
449,construction_waste_099.jpg,construction_waste
450,construction_waste_100.jpg,construction_waste
451,construction_waste_101.jpg,construction_waste
452,construction_waste_102.jpg,construction_waste
453,construction_waste_103.jpg,construction_waste
454,construction_waste_104.jpg,construction_waste
455,construction_waste_105.jpg,construction_waste
456,construction_waste_106.jpg,construction_waste
457,construction_waste_107.jpg,construction_waste
458,construction_waste_108.jpg,construction_waste
459,construction_waste_109.jpg,construction_waste
460,construction_waste_110.jpg,construction_waste
461,construction_waste_111.jpg,construction_waste
462,construction_waste_112.jpg,construction_waste
463,construction_waste_113.jpg,construction_waste
464,construction_waste_114.jpg,construction_waste
465,construction_waste_115.jpg,construction_waste
466,construction_waste_116.jpg,construction_waste
467,construction_waste_117.jpg,construction_waste
468,construction_waste_118.jpg,construction_waste
469,construction_waste_119.jpg,construction_waste
470,construction_waste_120.jpg,construction_waste
471,construction_waste_121.jpg,construction_waste
472,construction_waste_122.jpg,construction_waste
473,construction_waste_123.jpg,construction_waste
474,construction_waste_124.jpg,construction_waste
475,construction_waste_125.jpg,construction_waste
476,construction_waste_126.jpg,construction_waste
477,construction_waste_127.jpg,construction_waste
478,construction_waste_128.jpg,construction_waste
479,construction_waste_129.jpg,construction_waste
480,construction_waste_130.jpg,construction_waste
481,construction_waste_131.jpg,construction_waste
482,construction_waste_132.jpg,construction_waste
483,construction_waste_133.jpg,construction_waste
484,construction_waste_134.jpg,construction_waste
485,construction_waste_135.jpg,construction_waste
486,construction_waste_136.jpg,construction_waste
487,construction_waste_137.jpg,construction_waste
488,construction_waste_138.jpg,construction_waste
489,construction_waste_139.jpg,construction_waste
490,construction_waste_140.jpg,construction_waste
491,construction_waste_141.jpg,construction_waste
492,construction_waste_142.jpg,construction_waste
493,construction_waste_143.jpg,construction_waste
494,construction_waste_144.jpg,construction_waste
495,construction_waste_145.jpg,construction_waste
496,construction_waste_146.jpg,construction_waste
497,construction_waste_147.jpg,construction_waste
498,construction_waste_148.jpg,construction_waste
499,construction_waste_149.jpg,construction_waste
500,construction_waste_150.jpg,construction_waste
501,construction_waste_151.jpg,construction_waste
502,construction_waste_152.jpg,construction_waste
503,construction_waste_153.jpg,construction_waste
504,construction_waste_154.jpg,construction_waste
505,construction_waste_155.jpg,construction_waste
506,construction_waste_156.jpg,construction_waste
507,construction_waste_157.jpg,construction_waste
508,construction_waste_158.jpg,construction_waste
509,construction_waste_159.jpg,construction_waste
510,construction_waste_160.jpg,construction_waste
511,construction_waste_161.jpg,construction_waste
512,construction_waste_162.jpg,construction_waste
513,construction_waste_163.jpg,construction_waste
514,construction_waste_164.jpg,construction_waste
515,construction_waste_165.jpg,construction_waste
516,construction_waste_166.jpg,construction_waste
517,construction_waste_167.jpg,construction_waste
518,construction_waste_168.jpg,construction_waste
519,construction_waste_169.jpg,construction_waste
520,construction_waste_170.jpg,construction_waste
521,construction_waste_171.jpg,construction_waste
522,construction_waste_172.jpg,construction_waste
523,construction_waste_173.jpg,construction_waste
524,construction_waste_174.jpg,construction_waste
525,construction_waste_175.jpg,construction_waste
526,construction_waste_176.jpg,construction_waste
527,construction_waste_177.jpg,construction_waste
528,construction_waste_178.jpg,construction_waste
529,construction_waste_179.jpg,construction_waste
530,construction_waste_180.jpg,construction_waste
531,construction_waste_181.jpg,construction_waste
532,construction_waste_182.jpg,construction_waste
533,construction_waste_183.jpg,construction_waste
534,construction_waste_184.jpg,construction_waste
535,construction_waste_185.jpg,construction_waste
536,construction_waste_186.jpg,construction_waste
537,construction_waste_187.jpg,construction_waste
538,construction_waste_188.jpg,construction_waste
539,construction_waste_189.jpg,construction_waste
540,construction_waste_190.jpg,construction_waste
541,construction_waste_191.jpg,construction_waste
542,construction_waste_192.jpg,construction_waste
543,construction_waste_193.jpg,construction_waste
544,construction_waste_194.jpg,construction_waste
545,construction_waste_195.jpg,construction_waste
546,construction_waste_196.jpg,construction_waste
547,construction_waste_197.jpg,construction_waste
548,construction_waste_198.jpg,construction_waste
549,construction_waste_199.jpg,construction_waste
550,construction_waste_200.jpg,construction_waste
551,construction_waste_201.jpg,construction_waste
552,construction_waste_202.jpg,construction_waste
553,construction_waste_203.jpg,construction_waste
554,construction_waste_204.jpg,construction_waste
555,construction_waste_205.jpg,construction_waste
556,construction_waste_206.jpg,construction_waste
557,construction_waste_207.jpg,construction_waste
558,construction_waste_208.jpg,construction_waste
559,construction_waste_209.jpg,construction_waste
560,construction_waste_210.jpg,construction_waste
561,construction_waste_211.jpg,construction_waste
562,construction_waste_212.jpg,construction_waste
563,construction_waste_213.jpg,construction_waste
564,construction_waste_214.jpg,construction_waste
565,construction_waste_215.jpg,construction_waste
566,construction_waste_216.jpg,construction_waste
567,construction_waste_217.jpg,construction_waste
568,construction_waste_218.jpg,construction_waste
569,construction_waste_219.jpg,construction_waste
570,construction_waste_220.jpg,construction_waste
571,construction_waste_221.jpg,construction_waste
572,construction_waste_222.jpg,construction_waste
573,construction_waste_223.jpg,construction_waste
574,construction_waste_224.jpg,construction_waste
575,construction_waste_225.jpg,construction_waste
576,construction_waste_226.jpg,construction_waste
577,construction_waste_227.jpg,construction_waste
578,construction_waste_228.jpg,construction_waste
579,construction_waste_229.jpg,construction_waste
580,construction_waste_230.jpg,construction_waste
581,construction_waste_231.jpg,construction_waste
582,construction_waste_232.jpg,construction_waste
583,construction_waste_233.jpg,construction_waste
584,construction_waste_234.jpg,construction_waste
585,construction_waste_235.jpg,construction_waste
586,construction_waste_236.jpg,construction_waste
587,construction_waste_237.jpg,construction_waste
588,construction_waste_238.jpg,construction_waste
589,construction_waste_239.jpg,construction_waste
590,construction_waste_240.jpg,construction_waste
591,construction_waste_241.jpg,construction_waste
592,construction_waste_242.jpg,construction_waste
593,construction_waste_243.jpg,construction_waste
594,construction_waste_244.jpg,construction_waste
595,construction_waste_245.jpg,construction_waste
596,construction_waste_246.jpg,construction_waste
597,construction_waste_247.jpg,construction_waste
598,construction_waste_248.jpg,construction_waste
599,construction_waste_249.jpg,construction_waste
600,construction_waste_250.jpg,construction_waste
601,construction_waste_251.jpg,construction_waste
602,construction_waste_252.jpg,construction_waste
603,construction_waste_253.jpg,construction_waste
604,construction_waste_254.jpg,construction_waste
605,construction_waste_255.jpg,construction_waste
606,construction_waste_256.jpg,construction_waste
607,construction_waste_257.jpg,construction_waste
608,construction_waste_258.jpg,construction_waste
609,construction_waste_259.jpg,construction_waste
610,construction_waste_260.jpg,construction_waste
611,construction_waste_261.jpg,construction_waste
612,construction_waste_262.jpg,construction_waste
613,construction_waste_263.jpg,construction_waste
614,construction_waste_264.jpg,construction_waste
615,construction_waste_265.jpg,construction_waste
616,construction_waste_266.jpg,construction_waste
617,construction_waste_267.jpg,construction_waste
618,construction_waste_268.jpg,construction_waste
619,construction_waste_269.jpg,construction_waste
620,construction_waste_270.jpg,construction_waste
621,construction_waste_271.jpg,construction_waste
622,construction_waste_272.jpg,construction_waste
623,construction_waste_273.jpg,construction_waste
624,construction_waste_274.jpg,construction_waste
625,construction_waste_275.jpg,construction_waste
626,construction_waste_276.jpg,construction_waste
627,construction_waste_277.jpg,construction_waste
628,construction_waste_278.jpg,construction_waste
629,construction_waste_279.jpg,construction_waste
630,construction_waste_280.jpg,construction_waste
631,construction_waste_281.jpg,construction_waste
632,construction_waste_282.jpg,construction_waste
633,construction_waste_283.jpg,construction_waste
634,construction_waste_284.jpg,construction_waste
635,construction_waste_285.jpg,construction_waste
636,construction_waste_286.jpg,construction_waste
637,construction_waste_287.jpg,construction_waste
638,construction_waste_288.jpg,construction_waste
639,construction_waste_289.jpg,construction_waste
640,construction_waste_290.jpg,construction_waste
641,construction_waste_291.jpg,construction_waste
642,construction_waste_292.jpg,construction_waste
643,construction_waste_293.jpg,construction_waste
644,construction_waste_294.jpg,construction_waste
645,construction_waste_295.jpg,construction_waste
646,construction_waste_296.jpg,construction_waste
647,construction_waste_297.jpg,construction_waste
648,construction_waste_298.jpg,construction_waste
649,construction_waste_299.jpg,construction_waste
650,construction_waste_300.jpg,construction_waste
651,construction_waste_301.jpg,construction_waste
652,construction_waste_302.jpg,construction_waste
653,construction_waste_303.jpg,construction_waste
654,construction_waste_304.jpg,construction_waste
655,construction_waste_305.jpg,construction_waste
656,construction_waste_306.jpg,construction_waste
657,construction_waste_307.jpg,construction_waste
658,construction_waste_308.jpg,construction_waste
659,construction_waste_309.jpg,construction_waste
660,construction_waste_310.jpg,construction_waste
661,construction_waste_311.jpg,construction_waste
662,construction_waste_312.jpg,construction_waste
663,construction_waste_313.jpg,construction_waste
664,construction_waste_314.jpg,construction_waste
665,construction_waste_315.jpg,construction_waste
666,construction_waste_316.jpg,construction_waste
667,construction_waste_317.jpg,construction_waste
668,construction_waste_318.jpg,construction_waste
669,construction_waste_319.jpg,construction_waste
670,construction_waste_320.jpg,construction_waste
671,construction_waste_321.jpg,construction_waste
672,construction_waste_322.jpg,construction_waste
673,construction_waste_323.jpg,construction_waste
674,construction_waste_324.jpg,construction_waste
675,construction_waste_325.jpg,construction_waste
676,construction_waste_326.jpg,construction_waste
677,construction_waste_327.jpg,construction_waste
678,construction_waste_328.jpg,construction_waste
679,construction_waste_329.jpg,construction_waste
680,construction_waste_330.jpg,construction_waste
681,construction_waste_331.jpg,construction_waste
682,construction_waste_332.jpg,construction_waste
683,construction_waste_333.jpg,construction_waste
684,construction_waste_334.jpg,construction_waste
685,construction_waste_335.jpg,construction_waste
686,construction_waste_336.jpg,construction_waste
687,construction_waste_337.jpg,construction_waste
688,construction_waste_338.jpg,construction_waste
689,construction_waste_339.jpg,construction_waste
690,construction_waste_340.jpg,construction_waste
691,construction_waste_341.jpg,construction_waste
692,construction_waste_342.jpg,construction_waste
693,construction_waste_343.jpg,construction_waste
694,construction_waste_344.jpg,construction_waste
695,construction_waste_345.jpg,construction_waste
696,construction_waste_346.jpg,construction_waste
697,construction_waste_347.jpg,construction_waste
698,construction_waste_348.jpg,construction_waste
699,construction_waste_349.jpg,construction_waste
700,construction_waste_350.jpg,construction_waste
701,construction_waste_351.jpg,construction_waste
702,construction_waste_352.jpg,construction_waste
703,construction_waste_353.jpg,construction_waste
704,construction_waste_354.jpg,construction_waste
705,construction_waste_355.jpg,construction_waste
706,construction_waste_356.jpg,construction_waste
707,construction_waste_357.jpg,construction_waste
708,construction_waste_358.jpg,construction_waste
709,construction_waste_359.jpg,construction_waste
710,construction_waste_360.jpg,construction_waste
711,construction_waste_361.jpg,construction_waste
712,construction_waste_362.jpg,construction_waste
713,construction_waste_363.jpg,construction_waste
714,construction_waste_364.jpg,construction_waste
715,construction_waste_365.jpg,construction_waste
716,construction_waste_366.jpg,construction_waste
717,construction_waste_367.jpg,construction_waste
718,construction_waste_368.jpg,construction_waste
719,construction_waste_369.jpg,construction_waste
720,construction_waste_370.jpg,construction_waste
721,construction_waste_371.jpg,construction_waste
722,construction_waste_372.jpg,construction_waste
723,construction_waste_373.jpg,construction_waste
724,construction_waste_374.jpg,construction_waste
725,construction_waste_375.jpg,construction_waste
726,construction_waste_376.jpg,construction_waste
727,construction_waste_377.jpg,construction_waste
728,construction_waste_378.jpg,construction_waste
729,construction_waste_379.jpg,construction_waste
730,construction_waste_380.jpg,construction_waste
731,construction_waste_381.jpg,construction_waste
732,construction_waste_382.jpg,construction_waste
733,construction_waste_383.jpg,construction_waste
734,construction_waste_384.jpg,construction_waste
735,construction_waste_385.jpg,construction_waste
736,construction_waste_386.jpg,construction_waste
737,construction_waste_387.jpg,construction_waste
738,construction_waste_388.jpg,construction_waste
739,construction_waste_389.jpg,construction_waste
740,construction_waste_390.jpg,construction_waste
741,construction_waste_391.jpg,construction_waste
742,construction_waste_392.jpg,construction_waste
743,construction_waste_393.jpg,construction_waste
744,construction_waste_394.jpg,construction_waste
745,construction_waste_395.jpg,construction_waste
746,construction_waste_396.jpg,construction_waste
747,construction_waste_397.jpg,construction_waste
748,construction_waste_398.jpg,construction_waste
749,construction_waste_399.jpg,construction_waste
750,construction_waste_400.jpg,construction_waste
751,construction_waste_401.jpg,construction_waste
752,construction_waste_402.jpg,construction_waste
753,construction_waste_403.jpg,construction_waste
754,construction_waste_404.jpg,construction_waste
755,construction_waste_405.jpg,construction_waste
756,construction_waste_406.jpg,construction_waste
757,construction_waste_407.jpg,construction_waste
758,construction_waste_408.jpg,construction_waste
759,construction_waste_409.jpg,construction_waste
760,construction_waste_410.jpg,construction_waste
761,construction_waste_411.jpg,construction_waste
762,construction_waste_412.jpg,construction_waste
763,construction_waste_413.jpg,construction_waste
764,construction_waste_414.jpg,construction_waste
765,construction_waste_415.jpg,construction_waste
766,construction_waste_416.jpg,construction_waste
767,dumpyard_001.jpg,dumpyard
768,dumpyard_002.jpg,dumpyard
769,dumpyard_003.jpg,dumpyard
770,dumpyard_004.jpg,dumpyard
771,dumpyard_005.jpg,dumpyard
772,dumpyard_006.jpg,dumpyard
773,dumpyard_007.jpg,dumpyard
774,dumpyard_008.jpg,dumpyard
775,dumpyard_009.jpg,dumpyard
776,dumpyard_010.jpg,dumpyard
777,dumpyard_011.jpg,dumpyard
778,dumpyard_012.jpg,dumpyard
779,dumpyard_013.jpg,dumpyard
780,dumpyard_014.jpg,dumpyard
781,dumpyard_015.jpg,dumpyard
782,dumpyard_016.jpg,dumpyard
783,dumpyard_017.jpg,dumpyard
784,dumpyard_018.jpg,dumpyard
785,dumpyard_019.jpg,dumpyard
786,dumpyard_020.jpg,dumpyard
787,dumpyard_021.jpg,dumpyard
788,dumpyard_022.jpg,dumpyard
789,dumpyard_023.jpg,dumpyard
790,dumpyard_024.jpg,dumpyard
791,dumpyard_025.jpg,dumpyard
792,dumpyard_026.jpg,dumpyard
793,dumpyard_027.jpg,dumpyard
794,dumpyard_028.jpg,dumpyard
795,dumpyard_029.jpg,dumpyard
796,dumpyard_030.jpg,dumpyard
797,dumpyard_031.jpg,dumpyard
798,dumpyard_032.jpg,dumpyard
799,dumpyard_033.jpg,dumpyard
800,dumpyard_034.jpg,dumpyard
801,dumpyard_035.jpg,dumpyard
802,dumpyard_036.jpg,dumpyard
803,dumpyard_037.jpg,dumpyard
804,dumpyard_038.jpg,dumpyard
805,dumpyard_039.jpg,dumpyard
806,dumpyard_040.jpg,dumpyard
807,dumpyard_041.jpg,dumpyard
808,dumpyard_042.jpg,dumpyard
809,dumpyard_043.jpg,dumpyard
810,dumpyard_044.jpg,dumpyard
811,dumpyard_045.jpg,dumpyard
812,dumpyard_046.jpg,dumpyard
813,dumpyard_047.jpg,dumpyard
814,dumpyard_048.jpg,dumpyard
815,dumpyard_049.jpg,dumpyard
816,dumpyard_050.jpg,dumpyard
817,dumpyard_051.jpg,dumpyard
818,dumpyard_052.jpg,dumpyard
819,dumpyard_053.jpg,dumpyard
820,dumpyard_054.jpg,dumpyard
821,dumpyard_055.jpg,dumpyard
822,dumpyard_056.jpg,dumpyard
823,dumpyard_057.jpg,dumpyard
824,dumpyard_058.jpg,dumpyard
825,dumpyard_059.jpg,dumpyard
826,dumpyard_060.jpg,dumpyard
827,dumpyard_061.jpg,dumpyard
828,dumpyard_062.jpg,dumpyard
829,dumpyard_063.jpg,dumpyard
830,dumpyard_064.jpg,dumpyard
831,dumpyard_065.jpg,dumpyard
832,dumpyard_066.jpg,dumpyard
833,dumpyard_067.jpg,dumpyard
834,dumpyard_068.jpg,dumpyard
835,dumpyard_069.jpg,dumpyard
836,dumpyard_070.jpg,dumpyard
837,dumpyard_071.jpg,dumpyard
838,dumpyard_072.jpg,dumpyard
839,dumpyard_073.jpg,dumpyard
840,dumpyard_074.jpg,dumpyard
841,dumpyard_075.jpg,dumpyard
842,dumpyard_076.jpg,dumpyard
843,dumpyard_077.jpg,dumpyard
844,dumpyard_078.jpg,dumpyard
845,dumpyard_079.jpg,dumpyard
846,dumpyard_080.jpg,dumpyard
847,dumpyard_081.jpg,dumpyard
848,dumpyard_082.jpg,dumpyard
849,dumpyard_083.jpg,dumpyard
850,dumpyard_084.jpg,dumpyard
851,dumpyard_085.jpg,dumpyard
852,dumpyard_086.jpg,dumpyard
853,dumpyard_087.jpg,dumpyard
854,dumpyard_088.jpg,dumpyard
855,dumpyard_089.jpg,dumpyard
856,dumpyard_090.jpg,dumpyard
857,dumpyard_091.jpg,dumpyard
858,dumpyard_092.jpg,dumpyard
859,dumpyard_093.jpg,dumpyard
860,dumpyard_094.jpg,dumpyard
861,dumpyard_095.jpg,dumpyard
862,dumpyard_096.jpg,dumpyard
863,dumpyard_097.jpg,dumpyard
864,dumpyard_098.jpg,dumpyard
865,dumpyard_099.jpg,dumpyard
866,dumpyard_100.jpg,dumpyard
867,dumpyard_101.jpg,dumpyard
868,dumpyard_102.jpg,dumpyard
869,dumpyard_103.jpg,dumpyard
870,dumpyard_104.jpg,dumpyard
871,dumpyard_105.jpg,dumpyard
872,dumpyard_106.jpg,dumpyard
873,dumpyard_107.jpg,dumpyard
874,dumpyard_108.jpg,dumpyard
875,dumpyard_109.jpg,dumpyard
876,dumpyard_110.jpg,dumpyard
877,dumpyard_111.jpg,dumpyard
878,dumpyard_112.jpg,dumpyard
879,dumpyard_113.jpg,dumpyard
880,dumpyard_114.jpg,dumpyard
881,dumpyard_115.jpg,dumpyard
882,dumpyard_116.jpg,dumpyard
883,dumpyard_117.jpg,dumpyard
884,dumpyard_118.jpg,dumpyard
885,dumpyard_119.jpg,dumpyard
886,dumpyard_120.jpg,dumpyard
887,dumpyard_121.jpg,dumpyard
888,dumpyard_122.jpg,dumpyard
889,dumpyard_123.jpg,dumpyard
890,dumpyard_124.jpg,dumpyard
891,dumpyard_125.jpg,dumpyard
892,dumpyard_126.jpg,dumpyard
893,dumpyard_127.jpg,dumpyard
894,dumpyard_128.jpg,dumpyard
895,dumpyard_129.jpg,dumpyard
896,dumpyard_130.jpg,dumpyard
897,dumpyard_131.jpg,dumpyard
898,dumpyard_132.jpg,dumpyard
899,dumpyard_133.jpg,dumpyard
900,dumpyard_134.jpg,dumpyard
901,dumpyard_135.jpg,dumpyard
902,dumpyard_136.jpg,dumpyard
903,dumpyard_137.jpg,dumpyard
904,dumpyard_138.jpg,dumpyard
905,dumpyard_139.jpg,dumpyard
906,dumpyard_140.jpg,dumpyard
907,dumpyard_141.jpg,dumpyard
908,dumpyard_142.jpg,dumpyard
909,dumpyard_143.jpg,dumpyard
910,dumpyard_144.jpg,dumpyard
911,dumpyard_145.jpg,dumpyard
912,dumpyard_146.jpg,dumpyard
913,dumpyard_147.jpg,dumpyard
914,dumpyard_148.jpg,dumpyard
915,dumpyard_149.jpg,dumpyard
916,dumpyard_150.jpg,dumpyard
917,dumpyard_151.jpg,dumpyard
918,dumpyard_152.jpg,dumpyard
919,dumpyard_153.jpg,dumpyard
920,dumpyard_154.jpg,dumpyard
921,dumpyard_155.jpg,dumpyard
922,dumpyard_156.jpg,dumpyard
923,dumpyard_157.jpg,dumpyard
924,dumpyard_158.jpg,dumpyard
925,dumpyard_159.jpg,dumpyard
926,dumpyard_160.jpg,dumpyard
927,dumpyard_161.jpg,dumpyard
928,dumpyard_162.jpg,dumpyard
929,dumpyard_163.jpg,dumpyard
930,dumpyard_164.jpg,dumpyard
931,dumpyard_165.jpg,dumpyard
932,dumpyard_166.jpg,dumpyard
933,dumpyard_167.jpg,dumpyard
934,dumpyard_168.jpg,dumpyard
935,dumpyard_169.jpg,dumpyard
936,dumpyard_170.jpg,dumpyard
937,dumpyard_171.jpg,dumpyard
938,dumpyard_172.jpg,dumpyard
939,dumpyard_173.jpg,dumpyard
940,dumpyard_174.jpg,dumpyard
941,dumpyard_175.jpg,dumpyard
942,dumpyard_176.jpg,dumpyard
943,dumpyard_177.jpg,dumpyard
944,dumpyard_178.jpg,dumpyard
945,dumpyard_179.jpg,dumpyard
946,dumpyard_180.jpg,dumpyard
947,dumpyard_181.jpg,dumpyard
948,dumpyard_182.jpg,dumpyard
949,dumpyard_183.jpg,dumpyard
950,dumpyard_184.jpg,dumpyard
951,dumpyard_185.jpg,dumpyard
952,dumpyard_186.jpg,dumpyard
953,dumpyard_187.jpg,dumpyard
954,dumpyard_188.jpg,dumpyard
955,dumpyard_189.jpg,dumpyard
956,dumpyard_190.jpg,dumpyard
957,dumpyard_191.jpg,dumpyard
958,dumpyard_192.jpg,dumpyard
959,dumpyard_193.jpg,dumpyard
960,dumpyard_194.jpg,dumpyard
961,dumpyard_195.jpg,dumpyard
962,dumpyard_196.jpg,dumpyard
963,dumpyard_197.jpg,dumpyard
964,dumpyard_198.jpg,dumpyard
965,dumpyard_199.jpg,dumpyard
966,dumpyard_200.jpg,dumpyard
967,dumpyard_201.jpg,dumpyard
968,dumpyard_202.jpg,dumpyard
969,dumpyard_203.jpg,dumpyard
970,dumpyard_204.jpg,dumpyard
971,dumpyard_205.jpg,dumpyard
972,dumpyard_206.jpg,dumpyard
973,dumpyard_207.jpg,dumpyard
974,dumpyard_208.jpg,dumpyard
975,dumpyard_209.jpg,dumpyard
976,dumpyard_210.jpg,dumpyard
977,dumpyard_211.jpg,dumpyard
978,dumpyard_212.jpg,dumpyard
979,dumpyard_213.jpg,dumpyard
980,dumpyard_214.jpg,dumpyard
981,dumpyard_215.jpg,dumpyard
982,dumpyard_216.jpg,dumpyard
983,dumpyard_217.jpg,dumpyard
984,dumpyard_218.jpg,dumpyard
985,dumpyard_219.jpg,dumpyard
986,dumpyard_220.jpg,dumpyard
987,dumpyard_221.jpg,dumpyard
988,dumpyard_222.jpg,dumpyard
989,dumpyard_223.jpg,dumpyard
990,dumpyard_224.jpg,dumpyard
991,dumpyard_225.jpg,dumpyard
992,dumpyard_226.jpg,dumpyard
993,dumpyard_227.jpg,dumpyard
994,dumpyard_228.jpg,dumpyard
995,dumpyard_229.jpg,dumpyard
996,dumpyard_230.jpg,dumpyard
997,dumpyard_231.jpg,dumpyard
998,dumpyard_232.jpg,dumpyard
999,dumpyard_233.jpg,dumpyard
1000,dumpyard_234.jpg,dumpyard
1001,dumpyard_235.jpg,dumpyard
1002,dumpyard_236.jpg,dumpyard
1003,dumpyard_237.jpg,dumpyard
1004,dumpyard_238.jpg,dumpyard
1005,dumpyard_239.jpg,dumpyard
1006,dumpyard_240.jpg,dumpyard
1007,dumpyard_241.jpg,dumpyard
1008,dumpyard_242.jpg,dumpyard
1009,dumpyard_243.jpg,dumpyard
1010,dumpyard_244.jpg,dumpyard
1011,dumpyard_245.jpg,dumpyard
1012,dumpyard_246.jpg,dumpyard
1013,dumpyard_247.jpg,dumpyard
1014,dumpyard_248.jpg,dumpyard
1015,dumpyard_249.jpg,dumpyard
1016,dumpyard_250.jpg,dumpyard
1017,dumpyard_251.jpg,dumpyard
1018,dumpyard_252.jpg,dumpyard
1019,dumpyard_253.jpg,dumpyard
1020,dumpyard_254.jpg,dumpyard
1021,dumpyard_255.jpg,dumpyard
1022,dumpyard_256.jpg,dumpyard
1023,dumpyard_257.jpg,dumpyard
1024,dumpyard_258.jpg,dumpyard
1025,dumpyard_259.jpg,dumpyard
1026,dumpyard_260.jpg,dumpyard
1027,dumpyard_261.jpg,dumpyard
1028,dumpyard_262.jpg,dumpyard
1029,dumpyard_263.jpg,dumpyard
1030,dumpyard_264.jpg,dumpyard
1031,dumpyard_265.jpg,dumpyard
1032,dumpyard_266.jpg,dumpyard
1033,dumpyard_267.jpg,dumpyard
1034,dumpyard_268.jpg,dumpyard
1035,dumpyard_269.jpg,dumpyard
1036,dumpyard_270.jpg,dumpyard
1037,dumpyard_271.jpg,dumpyard
1038,dumpyard_272.jpg,dumpyard
1039,dumpyard_273.jpg,dumpyard
1040,dumpyard_274.jpg,dumpyard
1041,dumpyard_275.jpg,dumpyard
1042,dumpyard_276.jpg,dumpyard
1043,dumpyard_277.jpg,dumpyard
1044,dumpyard_278.jpg,dumpyard
1045,dumpyard_279.jpg,dumpyard
1046,dumpyard_280.jpg,dumpyard
1047,dumpyard_281.jpg,dumpyard
1048,dumpyard_282.jpg,dumpyard
1049,dumpyard_283.jpg,dumpyard
1050,dumpyard_284.jpg,dumpyard
1051,dumpyard_285.jpg,dumpyard
1052,dumpyard_286.jpg,dumpyard
1053,dumpyard_287.jpg,dumpyard
1054,dumpyard_288.jpg,dumpyard
1055,dumpyard_289.jpg,dumpyard
1056,dumpyard_290.jpg,dumpyard
1057,dumpyard_291.jpg,dumpyard
1058,dumpyard_292.jpg,dumpyard
1059,dumpyard_293.jpg,dumpyard
1060,dumpyard_294.jpg,dumpyard
1061,dumpyard_295.jpg,dumpyard
1062,dumpyard_296.jpg,dumpyard
1063,dumpyard_297.jpg,dumpyard
1064,dumpyard_298.jpg,dumpyard
1065,dumpyard_299.jpg,dumpyard
1066,dumpyard_300.jpg,dumpyard
1067,dumpyard_301.jpg,dumpyard
1068,dumpyard_302.jpg,dumpyard
1069,dumpyard_303.jpg,dumpyard
1070,dumpyard_304.jpg,dumpyard
1071,dumpyard_305.jpg,dumpyard
1072,dumpyard_306.jpg,dumpyard
1073,dumpyard_307.jpg,dumpyard
1074,dumpyard_308.jpg,dumpyard
1075,dumpyard_309.jpg,dumpyard
1076,dumpyard_310.jpg,dumpyard
1077,dumpyard_311.jpg,dumpyard
1078,dumpyard_312.jpg,dumpyard
1079,dumpyard_313.jpg,dumpyard
1080,dumpyard_314.jpg,dumpyard
1081,dumpyard_315.jpg,dumpyard
1082,dumpyard_316.jpg,dumpyard
1083,dumpyard_317.jpg,dumpyard
1084,dumpyard_318.jpg,dumpyard
1085,dumpyard_319.jpg,dumpyard
1086,dumpyard_320.jpg,dumpyard
1087,dumpyard_321.jpg,dumpyard
1088,dumpyard_322.jpg,dumpyard
1089,dumpyard_323.jpg,dumpyard
1090,dumpyard_324.jpg,dumpyard
1091,dumpyard_325.jpg,dumpyard
1092,dumpyard_326.jpg,dumpyard
1093,dumpyard_327.jpg,dumpyard
1094,dumpyard_328.jpg,dumpyard
1095,dumpyard_329.jpg,dumpyard
1096,dumpyard_330.jpg,dumpyard
1097,dumpyard_331.jpg,dumpyard
1098,dumpyard_332.jpg,dumpyard
1099,dumpyard_333.jpg,dumpyard
1100,dumpyard_334.jpg,dumpyard
1101,dumpyard_335.jpg,dumpyard
1102,dumpyard_336.jpg,dumpyard
1103,dumpyard_337.jpg,dumpyard
1104,dumpyard_338.jpg,dumpyard
1105,dumpyard_339.jpg,dumpyard
1106,dumpyard_340.jpg,dumpyard
1107,dumpyard_341.jpg,dumpyard
1108,dumpyard_342.jpg,dumpyard
1109,dumpyard_343.jpg,dumpyard
1110,dumpyard_344.jpg,dumpyard
1111,dumpyard_345.jpg,dumpyard
1112,dumpyard_346.jpg,dumpyard
1113,dumpyard_347.jpg,dumpyard
1114,dumpyard_348.jpg,dumpyard
1115,dumpyard_349.jpg,dumpyard
1116,dumpyard_350.jpg,dumpyard
1117,dumpyard_351.jpg,dumpyard
1118,dumpyard_352.jpg,dumpyard
1119,dumpyard_353.jpg,dumpyard
1120,dumpyard_354.jpg,dumpyard
1121,dumpyard_355.jpg,dumpyard
1122,dumpyard_356.jpg,dumpyard
1123,dumpyard_357.jpg,dumpyard
1124,dumpyard_358.jpg,dumpyard
1125,dumpyard_359.jpg,dumpyard
1126,dumpyard_360.jpg,dumpyard
1127,dumpyard_361.jpg,dumpyard
1128,dumpyard_362.jpg,dumpyard
1129,dumpyard_363.jpg,dumpyard
1130,dumpyard_364.jpg,dumpyard
1131,dumpyard_365.jpg,dumpyard
1132,dumpyard_366.jpg,dumpyard
1133,dumpyard_367.jpg,dumpyard
1134,dumpyard_368.jpg,dumpyard
1135,dumpyard_369.jpg,dumpyard
1136,dumpyard_370.jpg,dumpyard
1137,dumpyard_371.jpg,dumpyard
1138,dumpyard_372.jpg,dumpyard
1139,dumpyard_373.jpg,dumpyard
1140,dumpyard_374.jpg,dumpyard
1141,dumpyard_375.jpg,dumpyard
1142,dumpyard_376.jpg,dumpyard
1143,dumpyard_377.jpg,dumpyard
1144,dumpyard_378.jpg,dumpyard
1145,dumpyard_379.jpg,dumpyard
1146,dumpyard_380.jpg,dumpyard
1147,dumpyard_381.jpg,dumpyard
1148,dumpyard_382.jpg,dumpyard
1149,dumpyard_383.jpg,dumpyard
1150,dumpyard_384.jpg,dumpyard
1151,dumpyard_385.jpg,dumpyard
1152,dumpyard_386.jpg,dumpyard
1153,dumpyard_387.jpg,dumpyard
1154,dumpyard_388.jpg,dumpyard
1155,dumpyard_389.jpg,dumpyard
1156,dumpyard_390.jpg,dumpyard
1157,dumpyard_391.jpg,dumpyard
1158,dumpyard_392.jpg,dumpyard
1159,dumpyard_393.jpg,dumpyard
1160,dumpyard_394.jpg,dumpyard
1161,dumpyard_395.jpg,dumpyard
1162,dumpyard_396.jpg,dumpyard
1163,dumpyard_397.jpg,dumpyard
1164,dumpyard_398.jpg,dumpyard
1165,dumpyard_399.jpg,dumpyard
1166,dumpyard_400.jpg,dumpyard
1167,dumpyard_401.jpg,dumpyard
1168,dumpyard_402.jpg,dumpyard
1169,dumpyard_403.jpg,dumpyard
1170,dumpyard_404.jpg,dumpyard
1171,dumpyard_405.jpg,dumpyard
1172,dumpyard_406.jpg,dumpyard
1173,open_waste_001.jpg,open_waste
1174,open_waste_002.jpg,open_waste
1175,open_waste_003.jpg,open_waste
1176,open_waste_004.jpg,open_waste
1177,open_waste_005.jpg,open_waste
1178,open_waste_006.jpg,open_waste
1179,open_waste_007.jpg,open_waste
1180,open_waste_008.jpg,open_waste
1181,open_waste_009.jpg,open_waste
1182,open_waste_010.jpg,open_waste
1183,open_waste_011.jpg,open_waste
1184,open_waste_012.jpg,open_waste
1185,open_waste_013.jpg,open_waste
1186,open_waste_014.jpg,open_waste
1187,open_waste_015.jpg,open_waste
1188,open_waste_016.jpg,open_waste
1189,open_waste_017.jpg,open_waste
1190,open_waste_018.jpg,open_waste
1191,open_waste_019.jpg,open_waste
1192,open_waste_020.jpg,open_waste
1193,open_waste_021.jpg,open_waste
1194,open_waste_022.jpg,open_waste
1195,open_waste_023.jpg,open_waste
1196,open_waste_024.jpg,open_waste
1197,open_waste_025.jpg,open_waste
1198,open_waste_026.jpg,open_waste
1199,open_waste_027.jpg,open_waste
1200,open_waste_028.jpg,open_waste
1201,open_waste_029.jpg,open_waste
1202,open_waste_030.jpg,open_waste
1203,open_waste_031.jpg,open_waste
1204,open_waste_032.jpg,open_waste
1205,open_waste_033.jpg,open_waste
1206,open_waste_034.jpg,open_waste
1207,open_waste_035.jpg,open_waste
1208,open_waste_036.jpg,open_waste
1209,open_waste_037.jpg,open_waste
1210,open_waste_038.jpg,open_waste
1211,open_waste_039.jpg,open_waste
1212,open_waste_040.jpg,open_waste
1213,open_waste_041.jpg,open_waste
1214,open_waste_042.jpg,open_waste
1215,open_waste_043.jpg,open_waste
1216,open_waste_044.jpg,open_waste
1217,open_waste_045.jpg,open_waste
1218,open_waste_046.jpg,open_waste
1219,open_waste_047.jpg,open_waste
1220,open_waste_048.jpg,open_waste
1221,open_waste_049.jpg,open_waste
1222,open_waste_050.jpg,open_waste
1223,open_waste_051.jpg,open_waste
1224,open_waste_052.jpg,open_waste
1225,open_waste_053.jpg,open_waste
1226,open_waste_054.jpg,open_waste
1227,open_waste_055.jpg,open_waste
1228,open_waste_056.jpg,open_waste
1229,open_waste_057.jpg,open_waste
1230,open_waste_058.jpg,open_waste
1231,open_waste_059.jpg,open_waste
1232,open_waste_060.jpg,open_waste
1233,open_waste_061.jpg,open_waste
1234,open_waste_062.jpg,open_waste
1235,open_waste_063.jpg,open_waste
1236,open_waste_064.jpg,open_waste
1237,open_waste_065.jpg,open_waste
1238,open_waste_066.jpg,open_waste
1239,open_waste_067.jpg,open_waste
1240,open_waste_068.jpg,open_waste
1241,open_waste_069.jpg,open_waste
1242,open_waste_070.jpg,open_waste
1243,open_waste_071.jpg,open_waste
1244,open_waste_072.jpg,open_waste
1245,open_waste_073.jpg,open_waste
1246,open_waste_074.jpg,open_waste
1247,open_waste_075.jpg,open_waste
1248,open_waste_076.jpg,open_waste
1249,open_waste_077.jpg,open_waste
1250,open_waste_078.jpg,open_waste
1251,open_waste_079.jpg,open_waste
1252,open_waste_080.jpg,open_waste
1253,open_waste_081.jpg,open_waste
1254,open_waste_082.jpg,open_waste
1255,open_waste_083.jpg,open_waste
1256,open_waste_084.jpg,open_waste
1257,open_waste_085.jpg,open_waste
1258,open_waste_086.jpg,open_waste
1259,open_waste_087.jpg,open_waste
1260,open_waste_088.jpg,open_waste
1261,open_waste_089.jpg,open_waste
1262,open_waste_090.jpg,open_waste
1263,open_waste_091.jpg,open_waste
1264,open_waste_092.jpg,open_waste
1265,open_waste_093.jpg,open_waste
1266,open_waste_094.jpg,open_waste
1267,open_waste_095.jpg,open_waste
1268,open_waste_096.jpg,open_waste
1269,open_waste_097.jpg,open_waste
1270,open_waste_098.jpg,open_waste
1271,open_waste_099.jpg,open_waste
1272,open_waste_100.jpg,open_waste
1273,open_waste_101.jpg,open_waste
1274,open_waste_102.jpg,open_waste
1275,open_waste_103.jpg,open_waste
1276,open_waste_104.jpg,open_waste
1277,open_waste_105.jpg,open_waste
1278,open_waste_106.jpg,open_waste
1279,open_waste_107.jpg,open_waste
1280,open_waste_108.jpg,open_waste
1281,open_waste_109.jpg,open_waste
1282,open_waste_110.jpg,open_waste
1283,open_waste_111.jpg,open_waste
1284,open_waste_112.jpg,open_waste
1285,open_waste_113.jpg,open_waste
1286,open_waste_114.jpg,open_waste
1287,open_waste_115.jpg,open_waste
1288,open_waste_116.jpg,open_waste
1289,open_waste_117.jpg,open_waste
1290,open_waste_118.jpg,open_waste
1291,open_waste_119.jpg,open_waste
1292,open_waste_120.jpg,open_waste
1293,open_waste_121.jpg,open_waste
1294,open_waste_122.jpg,open_waste
1295,open_waste_123.jpg,open_waste
1296,open_waste_124.jpg,open_waste
1297,open_waste_125.jpg,open_waste
1298,open_waste_126.jpg,open_waste
1299,open_waste_127.jpg,open_waste
1300,open_waste_128.jpg,open_waste
1301,open_waste_129.jpg,open_waste
1302,open_waste_130.jpg,open_waste
1303,open_waste_131.jpg,open_waste
1304,open_waste_132.jpg,open_waste
1305,open_waste_133.jpg,open_waste
1306,open_waste_134.jpg,open_waste
1307,open_waste_135.jpg,open_waste
1308,open_waste_136.jpg,open_waste
1309,open_waste_137.jpg,open_waste
1310,open_waste_138.jpg,open_waste
1311,open_waste_139.jpg,open_waste
1312,open_waste_140.jpg,open_waste
1313,open_waste_141.jpg,open_waste
1314,open_waste_142.jpg,open_waste
1315,open_waste_143.jpg,open_waste
1316,open_waste_144.jpg,open_waste
1317,open_waste_145.jpg,open_waste
1318,open_waste_146.jpg,open_waste
1319,open_waste_147.jpg,open_waste
1320,open_waste_148.jpg,open_waste
1321,open_waste_149.jpg,open_waste
1322,open_waste_150.jpg,open_waste
1323,open_waste_151.jpg,open_waste
1324,open_waste_152.jpg,open_waste
1325,open_waste_153.jpg,open_waste
1326,open_waste_154.jpg,open_waste
1327,open_waste_155.jpg,open_waste
1328,open_waste_156.jpg,open_waste
1329,open_waste_157.jpg,open_waste
1330,open_waste_158.jpg,open_waste
1331,open_waste_159.jpg,open_waste
1332,open_waste_160.jpg,open_waste
1333,open_waste_161.jpg,open_waste
1334,open_waste_162.jpg,open_waste
1335,open_waste_163.jpg,open_waste
1336,open_waste_164.jpg,open_waste
1337,open_waste_165.jpg,open_waste
1338,open_waste_166.jpg,open_waste
1339,open_waste_167.jpg,open_waste
1340,open_waste_168.jpg,open_waste
1341,open_waste_169.jpg,open_waste
1342,open_waste_170.jpg,open_waste
1343,open_waste_171.jpg,open_waste
1344,open_waste_172.jpg,open_waste
1345,open_waste_173.jpg,open_waste
1346,open_waste_174.jpg,open_waste
1347,open_waste_175.jpg,open_waste
1348,open_waste_176.jpg,open_waste
1349,open_waste_177.jpg,open_waste
1350,open_waste_178.jpg,open_waste
1351,open_waste_179.jpg,open_waste
1352,open_waste_180.jpg,open_waste
1353,open_waste_181.jpg,open_waste
1354,open_waste_182.jpg,open_waste
1355,open_waste_183.jpg,open_waste
1356,open_waste_184.jpg,open_waste
1357,open_waste_185.jpg,open_waste
1358,open_waste_186.jpg,open_waste
1359,open_waste_187.jpg,open_waste
1360,open_waste_188.jpg,open_waste
1361,open_waste_189.jpg,open_waste
1362,open_waste_190.jpg,open_waste
1363,open_waste_191.jpg,open_waste
1364,open_waste_192.jpg,open_waste
1365,open_waste_193.jpg,open_waste
1366,open_waste_194.jpg,open_waste
1367,open_waste_195.jpg,open_waste
1368,open_waste_196.jpg,open_waste
1369,open_waste_197.jpg,open_waste
1370,open_waste_198.jpg,open_waste
1371,open_waste_199.jpg,open_waste
1372,open_waste_200.jpg,open_waste
1373,open_waste_201.jpg,open_waste
1374,open_waste_202.jpg,open_waste
1375,open_waste_203.jpg,open_waste
1376,open_waste_204.jpg,open_waste
1377,open_waste_205.jpg,open_waste
1378,open_waste_206.jpg,open_waste
1379,open_waste_207.jpg,open_waste
1380,open_waste_208.jpg,open_waste
1381,open_waste_209.jpg,open_waste
1382,open_waste_210.jpg,open_waste
1383,open_waste_211.jpg,open_waste
1384,open_waste_212.jpg,open_waste
1385,open_waste_213.jpg,open_waste
1386,open_waste_214.jpg,open_waste
1387,open_waste_215.jpg,open_waste
1388,open_waste_216.jpg,open_waste
1389,open_waste_217.jpg,open_waste
1390,open_waste_218.jpg,open_waste
1391,open_waste_219.jpg,open_waste
1392,open_waste_220.jpg,open_waste
1393,open_waste_221.jpg,open_waste
1394,open_waste_222.jpg,open_waste
1395,open_waste_223.jpg,open_waste
1396,open_waste_224.jpg,open_waste
1397,open_waste_225.jpg,open_waste
1398,open_waste_226.jpg,open_waste
1399,open_waste_227.jpg,open_waste
1400,open_waste_228.jpg,open_waste
1401,open_waste_229.jpg,open_waste
1402,open_waste_230.jpg,open_waste
1403,open_waste_231.jpg,open_waste
1404,open_waste_232.jpg,open_waste
1405,open_waste_233.jpg,open_waste
1406,open_waste_234.jpg,open_waste
1407,open_waste_235.jpg,open_waste
1408,open_waste_236.jpg,open_waste
1409,open_waste_237.jpg,open_waste
1410,open_waste_238.jpg,open_waste
1411,open_waste_239.jpg,open_waste
1412,open_waste_240.jpg,open_waste
1413,open_waste_241.jpg,open_waste
1414,open_waste_242.jpg,open_waste
1415,open_waste_243.jpg,open_waste
1416,open_waste_244.jpg,open_waste
1417,open_waste_245.jpg,open_waste
1418,open_waste_246.jpg,open_waste
1419,open_waste_247.jpg,open_waste
1420,open_waste_248.jpg,open_waste
1421,open_waste_249.jpg,open_waste
1422,open_waste_250.jpg,open_waste
1423,open_waste_251.jpg,open_waste
1424,open_waste_252.jpg,open_waste
1425,open_waste_253.jpg,open_waste
1426,open_waste_254.jpg,open_waste
1427,open_waste_255.jpg,open_waste
1428,open_waste_256.jpg,open_waste
1429,open_waste_257.jpg,open_waste
1430,open_waste_258.jpg,open_waste
1431,open_waste_259.jpg,open_waste
1432,open_waste_260.jpg,open_waste
1433,open_waste_261.jpg,open_waste
1434,open_waste_262.jpg,open_waste
1435,open_waste_263.jpg,open_waste
1436,open_waste_264.jpg,open_waste
1437,open_waste_265.jpg,open_waste
1438,open_waste_266.jpg,open_waste
1439,open_waste_267.jpg,open_waste
1440,open_waste_268.jpg,open_waste
1441,open_waste_269.jpg,open_waste
1442,open_waste_270.jpg,open_waste
1443,open_waste_271.jpg,open_waste
1444,open_waste_272.jpg,open_waste
1445,open_waste_273.jpg,open_waste
1446,open_waste_274.jpg,open_waste
1447,open_waste_275.jpg,open_waste
1448,open_waste_276.jpg,open_waste
1449,open_waste_277.jpg,open_waste
1450,open_waste_278.jpg,open_waste
1451,open_waste_279.jpg,open_waste
1452,open_waste_280.jpg,open_waste
1453,open_waste_281.jpg,open_waste
1454,open_waste_282.jpg,open_waste
1455,open_waste_283.jpg,open_waste
1456,open_waste_284.jpg,open_waste
1457,open_waste_285.jpg,open_waste
1458,open_waste_286.jpg,open_waste
1459,open_waste_287.jpg,open_waste
1460,open_waste_288.jpg,open_waste
1461,open_waste_289.jpg,open_waste
1462,open_waste_290.jpg,open_waste
1463,open_waste_291.jpg,open_waste
1464,open_waste_292.jpg,open_waste
1465,open_waste_293.jpg,open_waste
1466,open_waste_294.jpg,open_waste
1467,open_waste_295.jpg,open_waste
1468,open_waste_296.jpg,open_waste
1469,open_waste_297.jpg,open_waste
1470,open_waste_298.jpg,open_waste
1471,open_waste_299.jpg,open_waste
1472,open_waste_300.jpg,open_waste
1473,open_waste_301.jpg,open_waste
1474,open_waste_302.jpg,open_waste
1475,open_waste_303.jpg,open_waste
1476,open_waste_304.jpg,open_waste
1477,open_waste_305.jpg,open_waste
1478,open_waste_306.jpg,open_waste
1479,open_waste_307.jpg,open_waste
1480,open_waste_308.jpg,open_waste
1481,open_waste_309.jpg,open_waste
1482,open_waste_310.jpg,open_waste
1483,open_waste_311.jpg,open_waste
1484,open_waste_312.jpg,open_waste
1485,open_waste_313.jpg,open_waste
1486,open_waste_314.jpg,open_waste
1487,open_waste_315.jpg,open_waste
1488,open_waste_316.jpg,open_waste
1489,open_waste_317.jpg,open_waste
1490,open_waste_318.jpg,open_waste
1491,open_waste_319.jpg,open_waste
1492,open_waste_320.jpg,open_waste
1493,open_waste_321.jpg,open_waste
1494,open_waste_322.jpg,open_waste
1495,open_waste_323.jpg,open_waste
1496,open_waste_324.jpg,open_waste
1497,open_waste_325.jpg,open_waste
1498,open_waste_326.jpg,open_waste
1499,open_waste_327.jpg,open_waste
1500,open_waste_328.jpg,open_waste
1501,open_waste_329.jpg,open_waste
1502,open_waste_330.jpg,open_waste
1503,open_waste_331.jpg,open_waste
1504,open_waste_332.jpg,open_waste
1505,open_waste_333.jpg,open_waste
1506,open_waste_334.jpg,open_waste
1507,open_waste_335.jpg,open_waste
1508,open_waste_336.jpg,open_waste
1509,open_waste_337.jpg,open_waste
1510,open_waste_338.jpg,open_waste
1511,open_waste_339.jpg,open_waste
1512,open_waste_340.jpg,open_waste
1513,open_waste_341.jpg,open_waste
1514,open_waste_342.jpg,open_waste
1515,open_waste_343.jpg,open_waste
1516,open_waste_344.jpg,open_waste
1517,open_waste_345.jpg,open_waste
1518,open_waste_346.jpg,open_waste
1519,open_waste_347.jpg,open_waste
1520,open_waste_348.jpg,open_waste
1521,open_waste_349.jpg,open_waste
1522,open_waste_350.jpg,open_waste
1523,open_waste_351.jpg,open_waste
1524,open_waste_352.jpg,open_waste
1525,open_waste_353.jpg,open_waste
1526,open_waste_354.jpg,open_waste
1527,open_waste_355.jpg,open_waste
1528,open_waste_356.jpg,open_waste
1529,open_waste_357.jpg,open_waste
1530,open_waste_358.jpg,open_waste
1531,open_waste_359.jpg,open_waste
1532,open_waste_360.jpg,open_waste
1533,open_waste_361.jpg,open_waste
1534,open_waste_362.jpg,open_waste
1535,open_waste_363.jpg,open_waste
1536,open_waste_364.jpg,open_waste
1537,open_waste_365.jpg,open_waste
1538,open_waste_366.jpg,open_waste
1539,open_waste_367.jpg,open_waste
1540,open_waste_368.jpg,open_waste
1541,open_waste_369.jpg,open_waste
1542,open_waste_370.jpg,open_waste
1543,open_waste_371.jpg,open_waste
1544,open_waste_372.jpg,open_waste
1545,open_waste_373.jpg,open_waste
1546,open_waste_374.jpg,open_waste
1547,open_waste_375.jpg,open_waste
1548,open_waste_376.jpg,open_waste
1549,open_waste_377.jpg,open_waste
1550,open_waste_378.jpg,open_waste
1551,open_waste_379.jpg,open_waste
1552,open_waste_380.jpg,open_waste
1553,open_waste_381.jpg,open_waste
1554,open_waste_382.jpg,open_waste
1555,open_waste_383.jpg,open_waste
1556,open_waste_384.jpg,open_waste
1557,open_waste_385.jpg,open_waste
1558,open_waste_386.jpg,open_waste
1559,open_waste_387.jpg,open_waste
1560,open_waste_388.jpg,open_waste
1561,open_waste_389.jpg,open_waste
1562,open_waste_390.jpg,open_waste
1563,open_waste_391.jpg,open_waste
1564,open_waste_392.jpg,open_waste
1565,open_waste_393.jpg,open_waste
1566,open_waste_394.jpg,open_waste
1567,open_waste_395.jpg,open_waste
1568,open_waste_396.jpg,open_waste
1569,open_waste_397.jpg,open_waste
1570,open_waste_398.jpg,open_waste
1571,open_waste_399.jpg,open_waste
1572,open_waste_400.jpg,open_waste
1573,open_waste_401.jpg,open_waste
1574,open_waste_402.jpg,open_waste
1575,open_waste_403.jpg,open_waste
1576,open_waste_404.jpg,open_waste
1577,open_waste_405.jpg,open_waste
1578,open_waste_406.jpg,open_waste
1579,open_waste_407.jpg,open_waste
1580,overfilled_bins_001.jpg,overfilled_bins
1581,overfilled_bins_002.jpg,overfilled_bins
1582,overfilled_bins_003.jpg,overfilled_bins
1583,overfilled_bins_004.jpg,overfilled_bins
1584,overfilled_bins_005.jpg,overfilled_bins
1585,overfilled_bins_006.jpg,overfilled_bins
1586,overfilled_bins_007.jpg,overfilled_bins
1587,overfilled_bins_008.jpg,overfilled_bins
1588,overfilled_bins_009.jpg,overfilled_bins
1589,overfilled_bins_010.jpg,overfilled_bins
1590,overfilled_bins_011.jpg,overfilled_bins
1591,overfilled_bins_012.jpg,overfilled_bins
1592,overfilled_bins_013.jpg,overfilled_bins
1593,overfilled_bins_014.jpg,overfilled_bins
1594,overfilled_bins_015.jpg,overfilled_bins
1595,overfilled_bins_016.jpg,overfilled_bins
1596,overfilled_bins_017.jpg,overfilled_bins
1597,overfilled_bins_018.jpg,overfilled_bins
1598,overfilled_bins_019.jpg,overfilled_bins
1599,overfilled_bins_020.jpg,overfilled_bins
1600,overfilled_bins_021.jpg,overfilled_bins
1601,overfilled_bins_022.jpg,overfilled_bins
1602,overfilled_bins_023.jpg,overfilled_bins
1603,overfilled_bins_024.jpg,overfilled_bins
1604,overfilled_bins_025.jpg,overfilled_bins
1605,overfilled_bins_026.jpg,overfilled_bins
1606,overfilled_bins_027.jpg,overfilled_bins
1607,overfilled_bins_028.jpg,overfilled_bins
1608,overfilled_bins_029.jpg,overfilled_bins
1609,overfilled_bins_030.jpg,overfilled_bins
1610,overfilled_bins_031.jpg,overfilled_bins
1611,overfilled_bins_032.jpg,overfilled_bins
1612,overfilled_bins_033.jpg,overfilled_bins
1613,overfilled_bins_034.jpg,overfilled_bins
1614,overfilled_bins_035.jpg,overfilled_bins
1615,overfilled_bins_036.jpg,overfilled_bins
1616,overfilled_bins_037.jpg,overfilled_bins
1617,overfilled_bins_038.jpg,overfilled_bins
1618,overfilled_bins_039.jpg,overfilled_bins
1619,overfilled_bins_040.jpg,overfilled_bins
1620,overfilled_bins_041.jpg,overfilled_bins
1621,overfilled_bins_042.jpg,overfilled_bins
1622,overfilled_bins_043.jpg,overfilled_bins
1623,overfilled_bins_044.jpg,overfilled_bins
1624,overfilled_bins_045.jpg,overfilled_bins
1625,overfilled_bins_046.jpg,overfilled_bins
1626,overfilled_bins_047.jpg,overfilled_bins
1627,overfilled_bins_048.jpg,overfilled_bins
1628,overfilled_bins_049.jpg,overfilled_bins
1629,overfilled_bins_050.jpg,overfilled_bins
1630,overfilled_bins_051.jpg,overfilled_bins
1631,overfilled_bins_052.jpg,overfilled_bins
1632,overfilled_bins_053.jpg,overfilled_bins
1633,overfilled_bins_054.jpg,overfilled_bins
1634,overfilled_bins_055.jpg,overfilled_bins
1635,overfilled_bins_056.jpg,overfilled_bins
1636,overfilled_bins_057.jpg,overfilled_bins
1637,overfilled_bins_058.jpg,overfilled_bins
1638,overfilled_bins_059.jpg,overfilled_bins
1639,overfilled_bins_060.jpg,overfilled_bins
1640,overfilled_bins_061.jpg,overfilled_bins
1641,overfilled_bins_062.jpg,overfilled_bins
1642,overfilled_bins_063.jpg,overfilled_bins
1643,overfilled_bins_064.jpg,overfilled_bins
1644,overfilled_bins_065.jpg,overfilled_bins
1645,overfilled_bins_066.jpg,overfilled_bins
1646,overfilled_bins_067.jpg,overfilled_bins
1647,overfilled_bins_068.jpg,overfilled_bins
1648,overfilled_bins_069.jpg,overfilled_bins
1649,overfilled_bins_070.jpg,overfilled_bins
1650,overfilled_bins_071.jpg,overfilled_bins
1651,overfilled_bins_072.jpg,overfilled_bins
1652,overfilled_bins_073.jpg,overfilled_bins
1653,overfilled_bins_074.jpg,overfilled_bins
1654,overfilled_bins_075.jpg,overfilled_bins
1655,overfilled_bins_076.jpg,overfilled_bins
1656,overfilled_bins_077.jpg,overfilled_bins
1657,overfilled_bins_078.jpg,overfilled_bins
1658,overfilled_bins_079.jpg,overfilled_bins
1659,overfilled_bins_080.jpg,overfilled_bins
1660,overfilled_bins_081.jpg,overfilled_bins
1661,overfilled_bins_082.jpg,overfilled_bins
1662,overfilled_bins_083.jpg,overfilled_bins
1663,overfilled_bins_084.jpg,overfilled_bins
1664,overfilled_bins_085.jpg,overfilled_bins
1665,overfilled_bins_086.jpg,overfilled_bins
1666,overfilled_bins_087.jpg,overfilled_bins
1667,overfilled_bins_088.jpg,overfilled_bins
1668,overfilled_bins_089.jpg,overfilled_bins
1669,overfilled_bins_090.jpg,overfilled_bins
1670,overfilled_bins_091.jpg,overfilled_bins
1671,overfilled_bins_092.jpg,overfilled_bins
1672,overfilled_bins_093.jpg,overfilled_bins
1673,overfilled_bins_094.jpg,overfilled_bins
1674,overfilled_bins_095.jpg,overfilled_bins
1675,overfilled_bins_096.jpg,overfilled_bins
1676,overfilled_bins_097.jpg,overfilled_bins
1677,overfilled_bins_098.jpg,overfilled_bins
1678,overfilled_bins_099.jpg,overfilled_bins
1679,overfilled_bins_100.jpg,overfilled_bins
1680,overfilled_bins_101.jpg,overfilled_bins
1681,overfilled_bins_102.jpg,overfilled_bins
1682,overfilled_bins_103.jpg,overfilled_bins
1683,overfilled_bins_104.jpg,overfilled_bins
1684,overfilled_bins_105.jpg,overfilled_bins
1685,overfilled_bins_106.jpg,overfilled_bins
1686,overfilled_bins_107.jpg,overfilled_bins
1687,overfilled_bins_108.jpg,overfilled_bins
1688,overfilled_bins_109.jpg,overfilled_bins
1689,overfilled_bins_110.jpg,overfilled_bins
1690,overfilled_bins_111.jpg,overfilled_bins
1691,overfilled_bins_112.jpg,overfilled_bins
1692,overfilled_bins_113.jpg,overfilled_bins
1693,overfilled_bins_114.jpg,overfilled_bins
1694,overfilled_bins_115.jpg,overfilled_bins
1695,overfilled_bins_116.jpg,overfilled_bins
1696,overfilled_bins_117.jpg,overfilled_bins
1697,overfilled_bins_118.jpg,overfilled_bins
1698,overfilled_bins_119.jpg,overfilled_bins
1699,overfilled_bins_120.jpg,overfilled_bins
1700,overfilled_bins_121.jpg,overfilled_bins
1701,overfilled_bins_122.jpg,overfilled_bins
1702,overfilled_bins_123.jpg,overfilled_bins
1703,overfilled_bins_124.jpg,overfilled_bins
1704,overfilled_bins_125.jpg,overfilled_bins
1705,overfilled_bins_126.jpg,overfilled_bins
1706,overfilled_bins_127.jpg,overfilled_bins
1707,overfilled_bins_128.jpg,overfilled_bins
1708,overfilled_bins_129.jpg,overfilled_bins
1709,overfilled_bins_130.jpg,overfilled_bins
1710,overfilled_bins_131.jpg,overfilled_bins
1711,overfilled_bins_132.jpg,overfilled_bins
1712,overfilled_bins_133.jpg,overfilled_bins
1713,overfilled_bins_134.jpg,overfilled_bins
1714,overfilled_bins_135.jpg,overfilled_bins
1715,overfilled_bins_136.jpg,overfilled_bins
1716,overfilled_bins_137.jpg,overfilled_bins
1717,overfilled_bins_138.jpg,overfilled_bins
1718,overfilled_bins_139.jpg,overfilled_bins
1719,overfilled_bins_140.jpg,overfilled_bins
1720,overfilled_bins_141.jpg,overfilled_bins
1721,overfilled_bins_142.jpg,overfilled_bins
1722,overfilled_bins_143.jpg,overfilled_bins
1723,overfilled_bins_144.jpg,overfilled_bins
1724,overfilled_bins_145.jpg,overfilled_bins
1725,overfilled_bins_146.jpg,overfilled_bins
1726,overfilled_bins_147.jpg,overfilled_bins
1727,overfilled_bins_148.jpg,overfilled_bins
1728,overfilled_bins_149.jpg,overfilled_bins
1729,overfilled_bins_150.jpg,overfilled_bins
1730,overfilled_bins_151.jpg,overfilled_bins
1731,overfilled_bins_152.jpg,overfilled_bins
1732,overfilled_bins_153.jpg,overfilled_bins
1733,overfilled_bins_154.jpg,overfilled_bins
1734,overfilled_bins_155.jpg,overfilled_bins
1735,overfilled_bins_156.jpg,overfilled_bins
1736,overfilled_bins_157.jpg,overfilled_bins
1737,overfilled_bins_158.jpg,overfilled_bins
1738,overfilled_bins_159.jpg,overfilled_bins
1739,overfilled_bins_160.jpg,overfilled_bins
1740,overfilled_bins_161.jpg,overfilled_bins
1741,overfilled_bins_162.jpg,overfilled_bins
1742,overfilled_bins_163.jpg,overfilled_bins
1743,overfilled_bins_164.jpg,overfilled_bins
1744,overfilled_bins_165.jpg,overfilled_bins
1745,overfilled_bins_166.jpg,overfilled_bins
1746,overfilled_bins_167.jpg,overfilled_bins
1747,overfilled_bins_168.jpg,overfilled_bins
1748,overfilled_bins_169.jpg,overfilled_bins
1749,overfilled_bins_170.jpg,overfilled_bins
1750,overfilled_bins_171.jpg,overfilled_bins
1751,overfilled_bins_172.jpg,overfilled_bins
1752,overfilled_bins_173.jpg,overfilled_bins
1753,overfilled_bins_174.jpg,overfilled_bins
1754,overfilled_bins_175.jpg,overfilled_bins
1755,overfilled_bins_176.jpg,overfilled_bins
1756,overfilled_bins_177.jpg,overfilled_bins
1757,overfilled_bins_178.jpg,overfilled_bins
1758,overfilled_bins_179.jpg,overfilled_bins
1759,overfilled_bins_180.jpg,overfilled_bins
1760,overfilled_bins_181.jpg,overfilled_bins
1761,overfilled_bins_182.jpg,overfilled_bins
1762,overfilled_bins_183.jpg,overfilled_bins
1763,overfilled_bins_184.jpg,overfilled_bins
1764,overfilled_bins_185.jpg,overfilled_bins
1765,overfilled_bins_186.jpg,overfilled_bins
1766,overfilled_bins_187.jpg,overfilled_bins
1767,overfilled_bins_188.jpg,overfilled_bins
1768,overfilled_bins_189.jpg,overfilled_bins
1769,overfilled_bins_190.jpg,overfilled_bins
1770,overfilled_bins_191.jpg,overfilled_bins
1771,overfilled_bins_192.jpg,overfilled_bins
1772,overfilled_bins_193.jpg,overfilled_bins
1773,overfilled_bins_194.jpg,overfilled_bins
1774,overfilled_bins_195.jpg,overfilled_bins
1775,overfilled_bins_196.jpg,overfilled_bins
1776,overfilled_bins_197.jpg,overfilled_bins
1777,overfilled_bins_198.jpg,overfilled_bins
1778,overfilled_bins_199.jpg,overfilled_bins
1779,overfilled_bins_200.jpg,overfilled_bins
1780,overfilled_bins_201.jpg,overfilled_bins
1781,overfilled_bins_202.jpg,overfilled_bins
1782,overfilled_bins_203.jpg,overfilled_bins
1783,overfilled_bins_204.jpg,overfilled_bins
1784,overfilled_bins_205.jpg,overfilled_bins
1785,overfilled_bins_206.jpg,overfilled_bins
1786,overfilled_bins_207.jpg,overfilled_bins
1787,overfilled_bins_208.jpg,overfilled_bins
1788,overfilled_bins_209.jpg,overfilled_bins
1789,overfilled_bins_210.jpg,overfilled_bins
1790,overfilled_bins_211.jpg,overfilled_bins
1791,overfilled_bins_212.jpg,overfilled_bins
1792,overfilled_bins_213.jpg,overfilled_bins
1793,overfilled_bins_214.jpg,overfilled_bins
1794,overfilled_bins_215.jpg,overfilled_bins
1795,overfilled_bins_216.jpg,overfilled_bins
1796,overfilled_bins_217.jpg,overfilled_bins
1797,overfilled_bins_218.jpg,overfilled_bins
1798,overfilled_bins_219.jpg,overfilled_bins
1799,overfilled_bins_220.jpg,overfilled_bins
1800,overfilled_bins_221.jpg,overfilled_bins
1801,overfilled_bins_222.jpg,overfilled_bins
1802,overfilled_bins_223.jpg,overfilled_bins
1803,overfilled_bins_224.jpg,overfilled_bins
1804,overfilled_bins_225.jpg,overfilled_bins
1805,overfilled_bins_226.jpg,overfilled_bins
1806,overfilled_bins_227.jpg,overfilled_bins
1807,overfilled_bins_228.jpg,overfilled_bins
1808,overfilled_bins_229.jpg,overfilled_bins
1809,overfilled_bins_230.jpg,overfilled_bins
1810,overfilled_bins_231.jpg,overfilled_bins
1811,overfilled_bins_232.jpg,overfilled_bins
1812,overfilled_bins_233.jpg,overfilled_bins
1813,overfilled_bins_234.jpg,overfilled_bins
1814,overfilled_bins_235.jpg,overfilled_bins
1815,overfilled_bins_236.jpg,overfilled_bins
1816,overfilled_bins_237.jpg,overfilled_bins
1817,overfilled_bins_238.jpg,overfilled_bins
1818,overfilled_bins_239.jpg,overfilled_bins
1819,overfilled_bins_240.jpg,overfilled_bins
1820,overfilled_bins_241.jpg,overfilled_bins
1821,overfilled_bins_242.jpg,overfilled_bins
1822,overfilled_bins_243.jpg,overfilled_bins
1823,overfilled_bins_244.jpg,overfilled_bins
1824,overfilled_bins_245.jpg,overfilled_bins
1825,overfilled_bins_246.jpg,overfilled_bins
1826,overfilled_bins_247.jpg,overfilled_bins
1827,overfilled_bins_248.jpg,overfilled_bins
1828,overfilled_bins_249.jpg,overfilled_bins
1829,overfilled_bins_250.jpg,overfilled_bins
1830,overfilled_bins_251.jpg,overfilled_bins
1831,overfilled_bins_252.jpg,overfilled_bins
1832,overfilled_bins_253.jpg,overfilled_bins
1833,overfilled_bins_254.jpg,overfilled_bins
1834,overfilled_bins_255.jpg,overfilled_bins
1835,overfilled_bins_256.jpg,overfilled_bins
1836,overfilled_bins_257.jpg,overfilled_bins
1837,overfilled_bins_258.jpg,overfilled_bins
1838,overfilled_bins_259.jpg,overfilled_bins
1839,overfilled_bins_260.jpg,overfilled_bins
1840,overfilled_bins_261.jpg,overfilled_bins
1841,overfilled_bins_262.jpg,overfilled_bins
1842,overfilled_bins_263.jpg,overfilled_bins
1843,overfilled_bins_264.jpg,overfilled_bins
1844,overfilled_bins_265.jpg,overfilled_bins
1845,overfilled_bins_266.jpg,overfilled_bins
1846,overfilled_bins_267.jpg,overfilled_bins
1847,overfilled_bins_268.jpg,overfilled_bins
1848,overfilled_bins_269.jpg,overfilled_bins
1849,overfilled_bins_270.jpg,overfilled_bins
1850,overfilled_bins_271.jpg,overfilled_bins
1851,overfilled_bins_272.jpg,overfilled_bins
1852,overfilled_bins_273.jpg,overfilled_bins
1853,overfilled_bins_274.jpg,overfilled_bins
1854,overfilled_bins_275.jpg,overfilled_bins
1855,overfilled_bins_276.jpg,overfilled_bins
1856,overfilled_bins_277.jpg,overfilled_bins
1857,overfilled_bins_278.jpg,overfilled_bins
1858,overfilled_bins_279.jpg,overfilled_bins
1859,overfilled_bins_280.jpg,overfilled_bins
1860,overfilled_bins_281.jpg,overfilled_bins
1861,overfilled_bins_282.jpg,overfilled_bins
1862,overfilled_bins_283.jpg,overfilled_bins
1863,overfilled_bins_284.jpg,overfilled_bins
1864,overfilled_bins_285.jpg,overfilled_bins
1865,overfilled_bins_286.jpg,overfilled_bins
1866,overfilled_bins_287.jpg,overfilled_bins
1867,overfilled_bins_288.jpg,overfilled_bins
1868,overfilled_bins_289.jpg,overfilled_bins
1869,overfilled_bins_290.jpg,overfilled_bins
1870,overfilled_bins_291.jpg,overfilled_bins
1871,overfilled_bins_292.jpg,overfilled_bins
1872,overfilled_bins_293.jpg,overfilled_bins
1873,overfilled_bins_294.jpg,overfilled_bins
1874,overfilled_bins_295.jpg,overfilled_bins
1875,overfilled_bins_296.jpg,overfilled_bins
1876,overfilled_bins_297.jpg,overfilled_bins
1877,overfilled_bins_298.jpg,overfilled_bins
1878,overfilled_bins_299.jpg,overfilled_bins
1879,overfilled_bins_300.jpg,overfilled_bins
1880,overfilled_bins_301.jpg,overfilled_bins
1881,overfilled_bins_302.jpg,overfilled_bins
1882,overfilled_bins_303.jpg,overfilled_bins
1883,overfilled_bins_304.jpg,overfilled_bins
1884,overfilled_bins_305.jpg,overfilled_bins
1885,overfilled_bins_306.jpg,overfilled_bins
1886,overfilled_bins_307.jpg,overfilled_bins
1887,overfilled_bins_308.jpg,overfilled_bins
1888,overfilled_bins_309.jpg,overfilled_bins
1889,overfilled_bins_310.jpg,overfilled_bins
1890,overfilled_bins_311.jpg,overfilled_bins
1891,overfilled_bins_312.jpg,overfilled_bins
1892,overfilled_bins_313.jpg,overfilled_bins
1893,overfilled_bins_314.jpg,overfilled_bins
1894,overfilled_bins_315.jpg,overfilled_bins
1895,overfilled_bins_316.jpg,overfilled_bins
1896,overfilled_bins_317.jpg,overfilled_bins
1897,overfilled_bins_318.jpg,overfilled_bins
1898,overfilled_bins_319.jpg,overfilled_bins
1899,overfilled_bins_320.jpg,overfilled_bins
1900,overfilled_bins_321.jpg,overfilled_bins
1901,overfilled_bins_322.jpg,overfilled_bins
1902,overfilled_bins_323.jpg,overfilled_bins
1903,overfilled_bins_324.jpg,overfilled_bins
1904,overfilled_bins_325.jpg,overfilled_bins
1905,overfilled_bins_326.jpg,overfilled_bins
1906,overfilled_bins_327.jpg,overfilled_bins
1907,overfilled_bins_328.jpg,overfilled_bins
1908,overfilled_bins_329.jpg,overfilled_bins
1909,overfilled_bins_330.jpg,overfilled_bins
1910,overfilled_bins_331.jpg,overfilled_bins
1911,overfilled_bins_332.jpg,overfilled_bins
1912,overfilled_bins_333.jpg,overfilled_bins
1913,overfilled_bins_334.jpg,overfilled_bins
1914,overfilled_bins_335.jpg,overfilled_bins
1915,overfilled_bins_336.jpg,overfilled_bins
1916,overfilled_bins_337.jpg,overfilled_bins
1917,overfilled_bins_338.jpg,overfilled_bins
1918,overfilled_bins_339.jpg,overfilled_bins
1919,overfilled_bins_340.jpg,overfilled_bins
1920,overfilled_bins_341.jpg,overfilled_bins
1921,overfilled_bins_342.jpg,overfilled_bins
1922,overfilled_bins_343.jpg,overfilled_bins
1923,overfilled_bins_344.jpg,overfilled_bins
1924,overfilled_bins_345.jpg,overfilled_bins
1925,overfilled_bins_346.jpg,overfilled_bins
1926,overfilled_bins_347.jpg,overfilled_bins
1927,overfilled_bins_348.jpg,overfilled_bins
1928,overfilled_bins_349.jpg,overfilled_bins
1929,overfilled_bins_350.jpg,overfilled_bins
1930,overfilled_bins_351.jpg,overfilled_bins
1931,overfilled_bins_352.jpg,overfilled_bins
1932,overfilled_bins_353.jpg,overfilled_bins
1933,overfilled_bins_354.jpg,overfilled_bins
1934,overfilled_bins_355.jpg,overfilled_bins
1935,overfilled_bins_356.jpg,overfilled_bins
1936,overfilled_bins_357.jpg,overfilled_bins
1937,overfilled_bins_358.jpg,overfilled_bins
1938,overfilled_bins_359.jpg,overfilled_bins
1939,overfilled_bins_360.jpg,overfilled_bins
1940,overfilled_bins_361.jpg,overfilled_bins
1941,overfilled_bins_362.jpg,overfilled_bins
1942,overfilled_bins_363.jpg,overfilled_bins
1943,overfilled_bins_364.jpg,overfilled_bins
1944,overfilled_bins_365.jpg,overfilled_bins
1945,overfilled_bins_366.jpg,overfilled_bins
1946,overfilled_bins_367.jpg,overfilled_bins
1947,overfilled_bins_368.jpg,overfilled_bins
1948,overfilled_bins_369.jpg,overfilled_bins
1949,overfilled_bins_370.jpg,overfilled_bins
1950,overfilled_bins_371.jpg,overfilled_bins
1951,overfilled_bins_372.jpg,overfilled_bins
1952,overfilled_bins_373.jpg,overfilled_bins
1953,overfilled_bins_374.jpg,overfilled_bins
1954,overfilled_bins_375.jpg,overfilled_bins
1955,overfilled_bins_376.jpg,overfilled_bins
1956,overfilled_bins_377.jpg,overfilled_bins
1957,overfilled_bins_378.jpg,overfilled_bins
1958,overfilled_bins_379.jpg,overfilled_bins
1959,overfilled_bins_380.jpg,overfilled_bins
1960,overfilled_bins_381.jpg,overfilled_bins
1961,overfilled_bins_382.jpg,overfilled_bins
1962,overfilled_bins_383.jpg,overfilled_bins
1963,overfilled_bins_384.jpg,overfilled_bins
1964,overfilled_bins_385.jpg,overfilled_bins
1965,overfilled_bins_386.jpg,overfilled_bins
1966,overfilled_bins_387.jpg,overfilled_bins
1967,overfilled_bins_388.jpg,overfilled_bins
1968,overfilled_bins_389.jpg,overfilled_bins
1969,overfilled_bins_390.jpg,overfilled_bins
1970,overfilled_bins_391.jpg,overfilled_bins
1971,overfilled_bins_392.jpg,overfilled_bins
1972,overfilled_bins_393.jpg,overfilled_bins
1973,overfilled_bins_394.jpg,overfilled_bins
1974,overfilled_bins_395.jpg,overfilled_bins
1975,overfilled_bins_396.jpg,overfilled_bins
1976,overfilled_bins_397.jpg,overfilled_bins
1977,overfilled_bins_398.jpg,overfilled_bins
1978,overfilled_bins_399.jpg,overfilled_bins
1979,overfilled_bins_400.jpg,overfilled_bins
1980,overfilled_bins_401.jpg,overfilled_bins
1981,overfilled_bins_402.jpg,overfilled_bins
